Ano;UF;Município;Escola;Rede;Taxa de participação;Participantes;Dados são representativos;Ciências Humanas;Ciências da Natureza;Linguagens e Códigos;Matemática;Redação;Media
2009;SP;São Caetano do Sul;ADVENTISTA SAO CAETANO DO SUL;Todas;50,00%;9;Não;615,3;627,2;553,2;618,2;661,1;615
2009;SP;São Caetano do Sul;ALCINA DANTAS FEIJAO PROFA ESCOLA MUNICIPAL DE ENSINO;Todas;58,91%;152;Sim;574,1;569,2;585,4;556;617;580,34
2009;SP;São Caetano do Sul;ALEXANDRE GRIGOLLI PADRE;Todas;47,06%;32;Não;472,8;444,2;462,3;469,4;584,5;486,64
2009;SP;São Caetano do Sul;ALFREDO BURKART PROFESSOR;Todas;34,92%;44;Não;498,5;488,5;505,2;484,6;561,1;507,58
2009;SP;São Caetano do Sul;ANACLETO CAMPANELLA;Todas;47,62%;30;Não;525;471,8;520,2;472,1;551,7;508,16
2009;SP;São Caetano do Sul;ARBOS COLEGIO UNIDADE MARECHAL DEODORO;Todas;37,50%;3;Não;581,3;567,3;588,7;605,3;641,7;596,86
2009;SP;São Caetano do Sul;ARBOS COLEGIO UNIDADE MARECHAL DEODORO;Todas;23,21%;13;Não;634,7;630,1;605,5;646,3;625;628,32
2009;SP;São Caetano do Sul;ATENEU DE SAO CAETANO DO SUL COLEGIO UNIDADE I;Todas;50,00%;1;Não;564;519;471;820;700;614,8
2009;SP;São Caetano do Sul;ATENEU DE SAO CAETANO DO SUL COLEGIO UNIDADE III;Todas;30,00%;9;Não;598,6;615,6;592,9;611,9;611,1;606,02
2009;SP;São Caetano do Sul;BONIFACIO DE CARVALHO CORONEL;Todas;40,12%;69;Não;492,2;490,8;517,3;493,3;595,8;517,88
2009;SP;São Caetano do Sul;CE;Todas;80,00%;20;Sim;515;530,4;531,4;553,7;590,8;544,26
2009;SP;São Caetano do Sul;CEL JTO A EE IDALINA MACEDO COSTA SODRE DONA;Todas;71,43%;5;Não;539,8;495;547,6;502;730;562,88
2009;SP;São Caetano do Sul;COLEGIO ARBOS UNIDADE MARECHAL DEODORO;Todas;50,00%;2;Não;641;625,5;605,5;609,5;562,5;608,8
2009;SP;São Caetano do Sul;DI THIENE LICEU;Todas;52,78%;19;Sim;533;506,4;528,5;535,6;623,7;545,44
2009;SP;São Caetano do Sul;EDA MANTOANELLI PROFA;Todas;34,78%;24;Não;499,8;520,9;537,8;514,9;617,4;538,16
2009;SP;São Caetano do Sul;EDGAR ALVES DA CUNHA PROFESSOR;Todas;8,82%;6;Não;490,8;447,5;477,8;427,5;658,3;500,38
2009;SP;São Caetano do Sul;EDUARDO GOMES;Todas;54,84%;68;Sim;594,7;605,4;584,3;604,6;675,8;612,96
2009;SP;São Caetano do Sul;EXTERNATO SANTO ANTONIO;Todas;58,82%;10;Sim;642,2;695,3;658,8;616,1;645;651,48
2009;SP;São Caetano do Sul;IDALINA MACEDO COSTA SODRE DONA;Todas;26,05%;68;Não;508,3;512,7;515,5;513,5;597;529,4
2009;SP;São Caetano do Sul;JOANA MOTTA PROFESSORA;Todas;44,44%;24;Não;463,5;488,3;463,2;455,9;496,9;473,56
2009;SP;São Caetano do Sul;JORGE STREET ETEC;Todas;73,16%;139;Sim;607,2;590,4;602,8;601,3;632,4;606,82
2009;SP;São Caetano do Sul;LAURA LOPES;Todas;32,14%;18;Não;470,5;480,6;452,3;477,1;545,6;485,22
2009;SP;São Caetano do Sul;MARIA DA CONCEICAO MOURA BRANCO PROFESSORA;Todas;53,69%;80;Sim;501;503,2;511,2;530,5;594,6;528,1
2009;SP;São Caetano do Sul;MARIA TRUJILO TORLONI;Todas;27,37%;26;Não;498;481;494,7;488,1;584,8;509,32
2009;SP;São Caetano do Sul;OBJETIVO CENTRO EDUCACIONAL UNIDADE DE SAO CAETANO DO SUL;Todas;63,86%;53;Sim;628,8;620,7;612,6;585,1;613,2;612,08
2009;SP;São Caetano do Sul;PUERI DOMUS ESCOLA UNID SAO CAETANO;Todas;29,41%;5;Não;611;550,8;624,6;573,6;670;606
2009;SP;São Caetano do Sul;SAGRADA FAMILIA;Todas;70,00%;14;Sim;634,2;615,3;597,4;613,9;685,7;629,3
2009;SP;São Caetano do Sul;SINGULAR UNIDADE SAO CAETANO;Todas;65,12%;28;Sim;626,4;630,3;617,9;629,1;619,4;624,62
2009;SP;São Caetano do Sul;VICENTE BASTOS PROFESSOR;Todas;57,61%;53;Sim;519,7;534,6;514;520,3;600,5;537,82
2009;SP;São Caetano do Sul;YOLANDA ASCENCIO PROFESSORA;Todas;38,33%;23;Não;530,4;530,9;549,8;528,2;652,2;558,3
2010;SP;São Caetano do Sul;ADVENTISTA SAO CAETANO DO SUL;Todas;72,22%;26;Sim;570,2;508,8;564;535,3;645,2;564,7
2010;SP;São Caetano do Sul;ALCINA DANTAS FEIJAO PROFA ESCOLA MUNICIPAL DE ENSINO;Todas;80,75%;260;Sim;596,3;528;585,5;603,8;658,5;594,42
2010;SP;São Caetano do Sul;ALEXANDRE GRIGOLLI PADRE;Todas;45,71%;32;Não;531,5;465,7;501,9;476,2;624,2;519,9
2010;SP;São Caetano do Sul;ALFREDO BURKART PROFESSOR;Todas;34,09%;45;Não;533,3;460,1;498,8;476,1;565,1;506,68
2010;SP;São Caetano do Sul;ANACLETO CAMPANELLA;Todas;100,00%;1;Não;626;454;601;559;625;573
2010;SP;São Caetano do Sul;ARBOS COLEGIO UNIDADE MARECHAL DEODORO;Todas;66,67%;2;Não;600,5;526,5;595,5;712;650;616,9
2010;SP;São Caetano do Sul;ARBOS COLEGIO UNIDADE MARECHAL DEODORO;Todas;22,92%;11;Não;636,6;550,2;564,6;649,5;620,5;604,28
2010;SP;São Caetano do Sul;ATENEU DE SAO CAETANO DO SUL COLEGIO UNIDADE I;Todas;100,00%;1;Não;604;569;576;593;625;593,4
2010;SP;São Caetano do Sul;ATENEU DE SAO CAETANO DO SUL COLEGIO UNIDADE III;Todas;56,25%;9;Não;586,2;511,1;560,2;603,6;547,2;561,66
2010;SP;São Caetano do Sul;BONIFACIO DE CARVALHO CORONEL;Todas;48,92%;91;Não;535;478,8;518,5;498,9;584,8;523,2
2010;SP;São Caetano do Sul;CE;Todas;81,82%;18;Sim;577,2;513,2;543,2;577,2;581,9;558,54
2010;SP;São Caetano do Sul;CEL JTO A EE IDALINA MACEDO COSTA SODRE DONA;Todas;66,67%;2;Não;501;476,5;540,5;580;525;524,6
2010;SP;São Caetano do Sul;COLEGIO ARBOS UNIDADE MARECHAL DEODORO;Todas;85,71%;12;Sim;652,8;568,9;595;627,8;604,2;609,74
2010;SP;São Caetano do Sul;DI THIENE LICEU;Todas;65,79%;25;Sim;553,6;509;558,2;517,6;564;540,48
2010;SP;São Caetano do Sul;EDA MANTOANELLI PROFA;Todas;40,00%;2;Não;562,5;479,5;520;568,5;537,5;533,6
2010;SP;São Caetano do Sul;EDGAR ALVES DA CUNHA PROFESSOR;Todas;42,11%;32;Não;546,1;482,4;537,6;539,8;654,8;552,14
2010;SP;São Caetano do Sul;EDUARDO GOMES;Todas;73,39%;91;Sim;637;581,7;612,3;665,6;698,1;638,94
2010;SP;São Caetano do Sul;EXTERNATO SANTO ANTONIO;Todas;80,49%;33;Sim;639,7;594,3;602,7;690,7;651,5;635,78
2010;SP;São Caetano do Sul;FENIX SANTA PAULA ESCOLA UNDADE I E II;Todas;47,54%;29;Não;632,2;563,4;589;646,4;682,1;622,62
2010;SP;São Caetano do Sul;IDALINA MACEDO COSTA SODRE DONA;Todas;33,11%;100;Não;535;479,3;533,1;519,9;602,6;533,98
2010;SP;São Caetano do Sul;JOANA MOTTA PROFESSORA;Todas;79,17%;38;Sim;507,4;462,5;492,1;474,5;568,2;500,94
2010;SP;São Caetano do Sul;JORGE STREET ETEC;Todas;80,41%;156;Sim;628,4;568,4;602,8;641;675,3;623,18
2010;SP;São Caetano do Sul;LAURA LOPES;Todas;70,00%;28;Sim;533,1;453,9;500,3;473,5;518,5;495,86
2010;SP;São Caetano do Sul;MARIA DA CONCEICAO MOURA BRANCO PROFESSORA;Todas;59,42%;82;Sim;555,1;498,9;541,9;557,7;606,6;552,04
2010;SP;São Caetano do Sul;MARIA TRUJILO TORLONI;Todas;31,71%;39;Não;543,6;473,4;524,5;504,3;605,2;530,2
2010;SP;São Caetano do Sul;OBJETIVO CENTRO EDUCACIONAL UNIDADE DE SAO CAETANO DO SUL;Todas;71,23%;52;Sim;638,5;588,9;606,9;676,1;674,5;636,98
2010;SP;São Caetano do Sul;PUERI DOMUS ESCOLA UNID SAO CAETANO;Todas;76,47%;13;Sim;557,1;508,9;525,9;550,3;578,9;544,22
2010;SP;São Caetano do Sul;SAGRADA FAMILIA;Todas;30,00%;3;Não;661,7;618;590,3;647,7;733,3;650,2
2010;SP;São Caetano do Sul;SINGULAR UNIDADE SAO CAETANO;Todas;70,89%;56;Sim;639,8;573;608,8;657,8;655;626,88
2010;SP;São Caetano do Sul;VICENTE BASTOS PROFESSOR;Todas;78,83%;108;Sim;554,1;489,2;550,5;552,9;606,3;550,6
2010;SP;São Caetano do Sul;YOLANDA ASCENCIO PROFESSORA;Todas;73,86%;65;Sim;548,4;492,7;546,8;545,7;598,8;546,48
2011;SP;São Caetano do Sul;ADVENTISTA SAO CAETANO DO SUL;Todas;56,25%;18;Sim;483,5;469,7;529,7;553,1;574,4;522,08
2011;SP;São Caetano do Sul;ALCINA DANTAS FEIJAO PROFA ESCOLA MUNICIPAL DE ENSINO;Todas;74,11%;229;Sim;524,3;512,2;580,9;593,8;616,7;565,58
2011;SP;São Caetano do Sul;ALEXANDRE GRIGOLLI PADRE;Todas;43,75%;42;Não;463,5;446,5;512,6;496,3;554;494,58
2011;SP;São Caetano do Sul;ALFREDO BURKART PROFESSOR;Todas;39,88%;67;Não;458,2;444,1;513,8;494,5;519,7;486,06
2011;SP;São Caetano do Sul;ARBOS COLEGIO UNIDADE MARECHAL DEODORO;Todas;70,59%;24;Sim;551,1;558,4;597;683,9;604,2;598,92
2011;SP;São Caetano do Sul;ATENEU DE SAO CAETANO DO SUL COLEGIO UNIDADE III;Todas;80,00%;16;Sim;525,9;532,7;580,3;613;597,5;569,88
2011;SP;São Caetano do Sul;BONIFACIO DE CARVALHO CORONEL;Todas;41,58%;84;Não;471,4;453,3;532,3;514,9;561,7;506,72
2011;SP;São Caetano do Sul;CE;Todas;96,55%;28;Sim;516,9;512,1;566,6;576,8;640,7;562,62
2011;SP;São Caetano do Sul;CEL JTO A EE IDALINA MACEDO COSTA SODRE DONA;Todas;100,00%;2;Não;463,4;377,9;532,5;542,2;470;477,2
2011;SP;São Caetano do Sul;DI THIENE LICEU;Todas;36,59%;15;Não;515,5;498,8;579,5;584,2;573,3;550,26
2011;SP;São Caetano do Sul;EDGAR ALVES DA CUNHA PROFESSOR;Todas;60,76%;48;Sim;458,5;444,8;508,2;504,8;530,4;489,34
2011;SP;São Caetano do Sul;EDUARDO GOMES;Todas;71,54%;93;Sim;559,3;557,4;598;658,9;632,7;601,26
2011;SP;São Caetano do Sul;EXTERNATO SANTO ANTONIO;Todas;78,38%;29;Sim;549,6;542,5;601,4;671,7;577,9;588,62
2011;SP;São Caetano do Sul;FENIX SANTA PAULA ESCOLA UNDADE I E II;Todas;40,00%;22;Não;552,1;551,4;606,1;685,4;670,9;613,18
2011;SP;São Caetano do Sul;IDALINA MACEDO COSTA SODRE DONA;Todas;34,96%;93;Não;485,7;471,9;550;546,7;559,6;522,78
2011;SP;São Caetano do Sul;JOANA MOTTA PROFESSORA;Todas;43,75%;28;Não;443,9;424,2;515;489,9;516;477,8
2011;SP;São Caetano do Sul;JORGE STREET ETEC;Todas;76,00%;152;Sim;558,8;561,6;599,3;657,4;614,7;598,36
2011;SP;São Caetano do Sul;LAURA LOPES;Todas;53,49%;23;Sim;467,8;434,8;539,5;515,6;564,4;504,42
2011;SP;São Caetano do Sul;MARIA DA CONCEICAO MOURA BRANCO PROFESSORA;Todas;69,28%;115;Sim;483;474,5;548;561,2;583,3;530
2011;SP;São Caetano do Sul;MARIA TRUJILO TORLONI;Todas;33,93%;57;Não;469,3;454,8;540,6;509,9;551,2;505,16
2011;SP;São Caetano do Sul;OBJETIVO CENTRO EDUCACIONAL UNIDADE DE SAO CAETANO DO SUL;Todas;79,37%;50;Sim;562,5;574,9;600,7;689,5;616,8;608,88
2011;SP;São Caetano do Sul;PUERI DOMUS ESCOLA UNID SAO CAETANO;Todas;40,91%;9;Não;565,9;541,5;610,3;674,7;622,2;602,92
2011;SP;São Caetano do Sul;SAGRADA FAMILIA;Todas;86,67%;13;Sim;534,7;532,9;594,2;641,1;601,5;580,88
2011;SP;São Caetano do Sul;SINGULAR UNIDADE SAO CAETANO;Todas;73,91%;51;Sim;579,1;575,2;615,9;692,5;619,2;616,38
2011;SP;São Caetano do Sul;VICENTE BASTOS PROFESSOR;Todas;56,67%;51;Sim;492,7;474,9;543,2;559;552,6;524,48
2011;SP;São Caetano do Sul;YOLANDA ASCENCIO PROFESSORA;Todas;69,23%;72;Sim;501,6;489,1;558,6;571,6;563,9;536,96
2012;SP;São Caetano do Sul;ADVENTISTA SAO CAETANO DO SUL;Todas;40,00%;10;Não;568,4;527,9;515,1;571,7;535,6;543,74
2012;SP;São Caetano do Sul;ALCINA DANTAS FEIJAO PROFA ESCOLA MUNICIPAL DE ENSINO;Todas;82,68%;191;Sim;584,8;527,9;555;619,7;566,4;570,76
2012;SP;São Caetano do Sul;ALEXANDRE GRIGOLLI PADRE;Todas;50,00%;62;Sim;514,8;450,7;488,8;497,4;503,9;491,12
2012;SP;São Caetano do Sul;ALFREDO BURKART PROFESSOR;Todas;35,94%;46;Não;498,7;447,7;486;494,2;474,2;480,16
2012;SP;São Caetano do Sul;ARBOS COLEGIO UNIDADE MARECHAL DEODORO;Todas;70,27%;26;Sim;637,5;583,9;581,2;673,5;638,5;622,92
2012;SP;São Caetano do Sul;ATENEU DE SAO CAETANO DO SUL COLEGIO UNIDADE III;Todas;90,00%;18;Sim;587,9;510,7;532,3;603,4;592,2;565,3
2012;SP;São Caetano do Sul;BONIFACIO DE CARVALHO CORONEL;Todas;46,45%;98;Não;506,5;452,3;486,1;475,6;479,6;480,02
2012;SP;São Caetano do Sul;CE;Todas;89,47%;51;Sim;548;493,3;521,5;555,5;541,6;531,98
2012;SP;São Caetano do Sul;CEL JTO A EE IDALINA MACEDO COSTA SODRE DONA;Todas;50,00%;1;Não;474,4;393,8;498,1;597;740;540,66
2012;SP;São Caetano do Sul;DI THIENE LICEU;Todas;55,17%;16;Sim;525,1;458,3;495,5;515,5;501,3;499,14
2012;SP;São Caetano do Sul;EDGAR ALVES DA CUNHA PROFESSOR;Todas;44,71%;38;Não;497,3;430,3;484,3;485,3;499,5;479,34
2012;SP;São Caetano do Sul;EDUARDO GOMES;Todas;81,43%;114;Sim;607,4;568;570,6;670,7;611,8;605,7
2012;SP;São Caetano do Sul;EXTERNATO SANTO ANTONIO;Todas;100,00%;42;Sim;616,5;568,3;576,5;677,7;585,1;604,82
2012;SP;São Caetano do Sul;FENIX SANTA PAULA ESCOLA UNDADE I E II;Todas;49,33%;37;Não;608,5;578,6;567,9;673;629,2;611,44
2012;SP;São Caetano do Sul;IDALINA MACEDO COSTA SODRE DONA;Todas;26,03%;63;Não;529,6;453;503,9;540,1;497,5;504,82
2012;SP;São Caetano do Sul;JOANA MOTTA PROFESSORA;Todas;38,98%;23;Não;497,8;454,3;485;520,9;465,8;484,76
2012;SP;São Caetano do Sul;JORGE STREET ETEC;Todas;85,71%;186;Sim;615,6;566,8;565,9;663,6;605,6;603,5
2012;SP;São Caetano do Sul;LAURA LOPES;Todas;38,30%;18;Não;508,9;422,9;496,7;462,7;517,8;481,8
2012;SP;São Caetano do Sul;MARIA DA CONCEICAO MOURA BRANCO PROFESSORA;Todas;64,75%;90;Sim;528,6;464,5;507,3;522,1;529,2;510,34
2012;SP;São Caetano do Sul;MARIA TRUJILO TORLONI;Todas;31,45%;50;Não;516;442,5;496,8;479,8;526,1;492,24
2012;SP;São Caetano do Sul;OBJETIVO CENTRO EDUCACIONAL UNIDADE DE SAO CAETANO DO SUL;Todas;90,41%;66;Sim;603,4;578;564,8;679,4;629,1;610,94
2012;SP;São Caetano do Sul;SAGRADA FAMILIA;Todas;100,00%;6;Não;614,8;547,8;554,1;628,8;576,7;584,44
2012;SP;São Caetano do Sul;SINGULAR UNIDADE SAO CAETANO;Todas;76,32%;29;Sim;616,5;590,5;581,8;699,4;629;623,44
2012;SP;São Caetano do Sul;VICENTE BASTOS PROFESSOR;Todas;78,99%;94;Sim;526,7;470;503,8;527,6;504,3;506,48
2012;SP;São Caetano do Sul;VILLARE;Todas;95,24%;20;Sim;657,7;618;601,8;720,6;742;668,02
2012;SP;São Caetano do Sul;YOLANDA ASCENCIO PROFESSORA;Todas;76,92%;50;Sim;549,2;486,2;525,8;578,2;542,8;536,44
2013;SP;São Caetano do Sul;ADVENTISTA SAO CAETANO DO SUL;Todas;72,97%;27;Sim;525,8;483,5;518,2;548,7;518,5;518,94
2013;SP;São Caetano do Sul;ALCINA DANTAS FEIJAO PROFA ESCOLA MUNICIPAL DE ENSINO;Todas;91,37%;286;Sim;572;529,9;554,5;598,8;595,9;570,22
2013;SP;São Caetano do Sul;ALEXANDRE GRIGOLLI PADRE;Todas;57,89%;77;Sim;485,7;452,9;475,6;486,5;487,3;477,6
2013;SP;São Caetano do Sul;ARBOS COLEGIO UNIDADE MARECHAL DEODORO;Todas;85,29%;29;Sim;650,1;606,6;598,2;681,3;690,3;645,3
2013;SP;São Caetano do Sul;ATENEU DE SAO CAETANO DO SUL COLEGIO UNIDADE III;Todas;100,00%;19;Sim;568,4;525,1;546,9;592,6;647,4;576,08
2013;SP;São Caetano do Sul;BONIFACIO DE CARVALHO CORONEL;Todas;59,71%;123;Sim;485,7;451,5;480;503;465,4;477,12
2013;SP;São Caetano do Sul;CE;Todas;98,25%;56;Sim;547,6;512,7;535,2;556,7;577,1;545,86
2013;SP;São Caetano do Sul;DI THIENE LICEU;Todas;65,12%;28;Sim;521,7;480,3;518,2;518,7;510;509,78
2013;SP;São Caetano do Sul;EDGAR ALVES DA CUNHA PROFESSOR;Todas;54,72%;58;Sim;500,6;459;488,8;503,5;492,4;488,86
2013;SP;São Caetano do Sul;EDUARDO GOMES;Todas;78,62%;114;Sim;599,3;564;563,5;632,8;654;602,72
2013;SP;São Caetano do Sul;EXTERNATO SANTO ANTONIO;Todas;83,08%;54;Sim;594;580;580,2;629,8;624,1;601,62
2013;SP;São Caetano do Sul;FENIX SANTA PAULA ESCOLA UNDADE I E II;Todas;83,33%;65;Sim;569,4;534,2;550;613,7;579,7;569,4
2013;SP;São Caetano do Sul;IDALINA MACEDO COSTA SODRE DONA;Todas;53,31%;129;Sim;503,3;458,9;498,4;514,9;512,7;497,64
2013;SP;São Caetano do Sul;JOANA MOTTA PROFESSORA;Todas;78,57%;33;Sim;482,4;456,9;483,8;512,2;443;475,66
2013;SP;São Caetano do Sul;JORGE STREET ETEC;Todas;93,02%;200;Sim;588,8;534,6;567,4;633,5;604,2;585,7
2013;SP;São Caetano do Sul;LAURA LOPES;Todas;56,10%;23;Sim;485,4;437,3;471,1;484,4;464,4;468,52
2013;SP;São Caetano do Sul;MARIA DA CONCEICAO MOURA BRANCO PROFESSORA;Todas;70,48%;74;Sim;524,7;466,8;512,4;541,8;534,9;516,12
2013;SP;São Caetano do Sul;OBJETIVO CENTRO EDUCACIONAL UNIDADE DE SAO CAETANO DO SUL;Todas;89,80%;44;Sim;606,3;553,6;568;637;660,9;605,16
2013;SP;São Caetano do Sul;SAGRADA FAMILIA;Todas;90,91%;10;Sim;562,8;512;540,6;612,6;586;562,8
2013;SP;São Caetano do Sul;SINGULAR UNIDADE SAO CAETANO;Todas;91,30%;42;Sim;620,5;589,7;583,3;664,6;631,4;617,9
2013;SP;São Caetano do Sul;VICENTE BASTOS PROFESSOR;Todas;85,38%;111;Sim;521,9;472,7;521,5;550,5;541,1;521,54
2013;SP;São Caetano do Sul;VILLARE;Todas;100,00%;16;Sim;685,3;658,7;638,5;752,1;795;705,92
2013;SP;São Caetano do Sul;YOLANDA ASCENCIO PROFESSORA;Todas;68,13%;62;Sim;520,3;462,4;512,1;527;512,9;506,94
2014;SP;São Caetano do Sul;ADVENTISTA SAO CAETANO DO SUL;Todas;72,50%;29;Sim;540;494,8;525,2;493,8;487,6;508,28
2014;SP;São Caetano do Sul;ALCINA DANTAS FEIJAO PROFA ESCOLA MUNICIPAL DE ENSINO;Todas;90,85%;258;Sim;594,6;539;572;555,1;614,3;575
2014;SP;São Caetano do Sul;ALEXANDRE GRIGOLLI PADRE;Todas;61,72%;79;Sim;537,5;465,3;503,3;457,2;468,9;486,44
2014;SP;São Caetano do Sul;ARBOS COLEGIO UNIDADE MARECHAL DEODORO;Todas;77,78%;21;Sim;627,7;573,5;591,9;640,5;648,6;616,44
2014;SP;São Caetano do Sul;ATENEU DE SAO CAETANO DO SUL COLEGIO UNIDADE III;Todas;88,24%;15;Sim;624,5;562;582,9;645,3;620;606,94
2014;SP;São Caetano do Sul;BONIFACIO DE CARVALHO CORONEL;Todas;60,85%;115;Sim;537,7;473,2;516,7;470,2;499;499,36
2014;SP;São Caetano do Sul;CE;Todas;94,83%;55;Sim;600,8;525;566,2;542,4;569,8;560,84
2014;SP;São Caetano do Sul;DI THIENE LICEU;Todas;74,42%;32;Sim;576,7;508;529,1;519;561,6;538,88
2014;SP;São Caetano do Sul;EDGAR ALVES DA CUNHA PROFESSOR;Todas;64,29%;45;Sim;536,1;468,3;514,3;459,2;467,1;489
2014;SP;São Caetano do Sul;EDUARDO GOMES;Todas;86,09%;130;Sim;621,6;577,3;579,8;626,3;654,5;611,9
2014;SP;São Caetano do Sul;EXTERNATO SANTO ANTONIO;Todas;95,12%;39;Sim;629,7;603;589,7;631,1;668,3;624,36
2014;SP;São Caetano do Sul;FENIX SANTA PAULA ESCOLA UNDADE I E II;Todas;87,65%;71;Sim;610,2;559,4;571,7;601,6;589;586,38
2014;SP;São Caetano do Sul;IDALINA MACEDO COSTA SODRE DONA;Todas;51,34%;115;Sim;544,2;474,4;524,7;474;514,4;506,34
2014;SP;São Caetano do Sul;JOANA MOTTA PROFESSORA;Todas;64,79%;46;Sim;539,2;454,7;508,8;449,7;472,2;484,92
2014;SP;São Caetano do Sul;JORGE STREET ETEC;Todas;86,40%;197;Sim;617;560,4;580,7;605,1;599,9;592,62
2014;SP;São Caetano do Sul;LAURA LOPES;Todas;60,00%;36;Sim;507,6;456,7;505,8;454,7;407,2;466,4
2014;SP;São Caetano do Sul;MARIA DA CONCEICAO MOURA BRANCO PROFESSORA;Todas;76,98%;107;Sim;563,2;496,5;537,9;502,8;520,2;524,12
2014;SP;São Caetano do Sul;OBJETIVO CENTRO EDUCACIONAL UNIDADE DE SAO CAETANO DO SUL;Todas;98,08%;51;Sim;622,2;569,6;579,5;593,6;653,7;603,72
2014;SP;São Caetano do Sul;OSCAR NIEMEYER ARQUITETO EMEFM;Todas;86,21%;100;Sim;575,6;521;552;528,6;597,2;554,88
2014;SP;São Caetano do Sul;SAGRADA FAMILIA;Todas;95,45%;21;Sim;580,2;542,8;541,4;561,4;552,4;555,64
2014;SP;São Caetano do Sul;SINGULAR UNIDADE SAO CAETANO;Todas;90,00%;27;Sim;616,7;580,9;587,9;606,5;641,5;606,7
2014;SP;São Caetano do Sul;VICENTE BASTOS PROFESSOR;Todas;80,00%;68;Sim;557,3;483,6;528,5;496;532,7;519,62
2014;SP;São Caetano do Sul;VILLARE;Todas;100,00%;23;Sim;680,4;655,5;634,1;797,9;772,2;708,02
2014;SP;São Caetano do Sul;YOLANDA ASCENCIO PROFESSORA;Todas;65,88%;56;Sim;553,7;487,3;522,2;476,4;519,6;511,84
2015;SP;São Caetano do Sul;ADVENTISTA SAO CAETANO DO SUL;Todas;69,23%;18;Sim;559,4;480,8;540,6;493,3;542,2;523,26
2015;SP;São Caetano do Sul;ALCINA DANTAS FEIJAO PROFA ESCOLA MUNICIPAL DE ENSINO;Todas;91,67%;275;Sim;600,5;517,1;563,5;547,4;576,1;560,92
2015;SP;São Caetano do Sul;ALEXANDRE GRIGOLLI PADRE;Todas;70,37%;76;Sim;538;458,1;496,8;444,9;498,7;487,3
2015;SP;São Caetano do Sul;ALFREDO BURKART PROFESSOR;Todas;51,89%;55;Sim;554;479,9;524,6;465,9;541,1;513,1
2015;SP;São Caetano do Sul;ARBOS COLEGIO UNIDADE MARECHAL DEODORO;Todas;89,29%;25;Sim;628,5;557,7;581,9;625,1;651,2;608,88
2015;SP;São Caetano do Sul;ATENEU DE SAO CAETANO DO SUL COLEGIO UNIDADE III;Todas;100,00%;23;Sim;609,6;530,7;561,2;587,6;587,8;575,38
2015;SP;São Caetano do Sul;BONIFACIO DE CARVALHO CORONEL;Todas;61,03%;83;Sim;549,1;466,8;516,3;462;555,2;509,88
2015;SP;São Caetano do Sul;CE;Todas;95,00%;57;Sim;601;517,1;553,1;545;561,1;555,46
2015;SP;São Caetano do Sul;EDUARDO GOMES;Todas;84,35%;124;Sim;629,5;553;588,4;620,8;639,8;606,3
2015;SP;São Caetano do Sul;EXTERNATO SANTO ANTONIO;Todas;96,00%;24;Sim;641,4;576,4;587;616,7;661,7;616,64
2015;SP;São Caetano do Sul;FENIX SANTA PAULA ESCOLA UNDADE I E II;Todas;89,74%;70;Sim;614,2;553,6;562,8;575,8;587,4;578,76
2015;SP;São Caetano do Sul;IDALINA MACEDO COSTA SODRE DONA;Todas;59,55%;106;Sim;546,4;475,7;509,9;468,3;508,3;501,72
2015;SP;São Caetano do Sul;JOANA MOTTA PROFESSORA;Todas;69,84%;44;Sim;545,1;454,8;499,8;451,1;503,6;490,88
2015;SP;São Caetano do Sul;JORGE STREET ETEC;Todas;90,00%;108;Sim;624,1;555,1;578,4;614,7;636,5;601,76
2015;SP;São Caetano do Sul;LAURA LOPES;Todas;58,82%;30;Sim;555,6;456;515,6;455,7;486;493,78
2015;SP;São Caetano do Sul;MARIA DA CONCEICAO MOURA BRANCO PROFESSORA;Todas;82,40%;103;Sim;563,8;484,8;522,5;496;537,9;521
2015;SP;São Caetano do Sul;MARIA TRUJILO TORLONI;Todas;50,00%;43;Sim;526,5;472,7;482,8;438,9;521,9;488,56
2015;SP;São Caetano do Sul;OBJETIVO CENTRO EDUCACIONAL UNIDADE DE SAO CAETANO DO SUL;Todas;86,36%;57;Sim;620,6;574,7;583;582,9;680,4;608,32
2015;SP;São Caetano do Sul;OSCAR NIEMEYER ARQUITETO EMEFM;Todas;81,21%;134;Sim;580,3;497,8;553,4;489,6;575,8;539,38
2015;SP;São Caetano do Sul;SAGRADA FAMILIA;Todas;85,71%;18;Sim;596;516,9;560,4;515,1;622,2;562,12
2015;SP;São Caetano do Sul;SINGULAR UNIDADE SAO CAETANO;Todas;95,35%;41;Sim;619,8;555,3;571,4;624;629,6;600,02
2015;SP;São Caetano do Sul;VICENTE BASTOS PROFESSOR;Todas;86,81%;79;Sim;550,3;477,5;521,3;475,6;546,8;514,3
2015;SP;São Caetano do Sul;VILLARE;Todas;92,86%;26;Sim;687,9;646,9;625;758,3;800,8;703,78
2015;SP;São Caetano do Sul;YOLANDA ASCENCIO PROFESSORA;Todas;71,60%;58;Sim;543,2;462,1;511,1;457,5;534,1;501,6
2016;SP;São Caetano do Sul;ADVENTISTA SAO CAETANO DO SUL;Todas;86,00%;43;Sim;514;471,5;540,2;509;564,7;519,88
2016;SP;São Caetano do Sul;ALCINA DANTAS FEIJAO PROFA ESCOLA MUNICIPAL DE ENSINO;Todas;86,25%;276;Sim;594,9;515,6;576,8;557,1;582,7;565,42
2016;SP;São Caetano do Sul;ALEXANDRE GRIGOLLI PADRE;Todas;75,94%;142;Sim;521,4;450,9;514,6;471,8;486,1;488,96
2016;SP;São Caetano do Sul;ALFREDO BURKART PROFESSOR;Todas;62,22%;56;Sim;532,9;458,2;513,2;448,4;510;492,54
2016;SP;São Caetano do Sul;ARBOS COLEGIO UNIDADE MARECHAL DEODORO;Todas;83,33%;25;Sim;624,9;605,4;605;647;668;630,06
2016;SP;São Caetano do Sul;ATENEU DE SAO CAETANO DO SUL COLEGIO UNIDADE III;Todas;63,64%;14;Sim;630,1;585,4;623,2;674,8;688,6;640,42
2016;SP;São Caetano do Sul;BONIFACIO DE CARVALHO CORONEL;Todas;74,18%;158;Sim;533,4;467,7;492,8;440,9;489,4;484,84
2016;SP;São Caetano do Sul;CE;Todas;95,31%;61;Sim;594,7;524,8;575,2;580,2;591,8;573,34
2016;SP;São Caetano do Sul;DI THIENE LICEU;Todas;90,00%;27;Sim;565,7;503,2;540,5;550,2;564,4;544,8
2016;SP;São Caetano do Sul;EDGAR ALVES DA CUNHA PROFESSOR;Todas;52,08%;25;Sim;532,6;447,8;531,4;467;460,8;487,92
2016;SP;São Caetano do Sul;EDUARDO GOMES;Todas;87,88%;145;Sim;618,7;566,7;593,9;616,8;632,1;605,64
2016;SP;São Caetano do Sul;EXTERNATO SANTO ANTONIO;Todas;100,00%;44;Sim;609,1;575,1;587,9;600,7;656,4;605,84
2016;SP;São Caetano do Sul;FENIX SANTA PAULA ESCOLA UNDADE I E II;Todas;95,12%;78;Sim;565,5;518,9;547,1;569,6;565,6;553,34
2016;SP;São Caetano do Sul;IDALINA MACEDO COSTA SODRE DONA;Todas;60,16%;151;Sim;541,7;464,6;547,2;497,3;519,2;514
2016;SP;São Caetano do Sul;JOANA MOTTA PROFESSORA;Todas;70,83%;17;Sim;532,6;478,2;541;471,9;543,5;513,44
2016;SP;São Caetano do Sul;LAURA LOPES;Todas;61,90%;39;Sim;494,3;447,2;488,7;452,1;473,3;471,12
2016;SP;São Caetano do Sul;MARIA DA CONCEICAO MOURA BRANCO PROFESSORA;Todas;77,17%;142;Sim;549,9;485,5;538,6;503,2;537,8;523
2016;SP;São Caetano do Sul;MARIA TRUJILO TORLONI;Todas;95,24%;20;Sim;549,1;464,3;542,2;473,7;539;513,66
2016;SP;São Caetano do Sul;OBJETIVO CENTRO EDUCACIONAL UNIDADE DE SAO CAETANO DO SUL;Todas;89,58%;43;Sim;604,9;560,6;576,1;606,1;656,3;600,8
2016;SP;São Caetano do Sul;OSCAR NIEMEYER ARQUITETO EMEFM;Todas;76,74%;66;Sim;570,2;495,3;555;535,3;577,9;546,74
2016;SP;São Caetano do Sul;SAGRADA FAMILIA;Todas;88,00%;22;Sim;592,8;536,2;585,3;579,3;627,3;584,18
2016;SP;São Caetano do Sul;SINGULAR UNIDADE SAO CAETANO;Todas;95,08%;58;Sim;603,6;576,3;582,4;628,3;644,1;606,94
2016;SP;São Caetano do Sul;VICENTE BASTOS PROFESSOR;Todas;100,00%;104;Sim;552,3;483,8;545,6;521,9;530,6;526,84
2016;SP;São Caetano do Sul;VILLARE;Todas;94,59%;35;Sim;665,5;674,6;645,9;768,4;791,4;709,16
2016;SP;São Caetano do Sul;YOLANDA ASCENCIO PROFESSORA;Todas;78,76%;89;Sim;535,1;459,1;534,6;489,3;531,2;509,86
2017;SP;São Caetano do Sul;ADVENTISTA SAO CAETANO DO SUL;Todas;54,00%;27;Sim;552,3;494,1;536,1;525,6;564,4;534,5
2017;SP;São Caetano do Sul;ALCINA DANTAS FEIJAO PROFA ESCOLA MUNICIPAL DE ENSINO;Todas;68,13%;218;Sim;564,6;516,9;558,6;561,9;590,3;558,46
2017;SP;São Caetano do Sul;ALEXANDRE GRIGOLLI PADRE;Todas;43,85%;82;Não;498,4;448,1;509,3;464,1;495,6;483,1
2017;SP;São Caetano do Sul;ALFREDO BURKART PROFESSOR;Todas;91,11%;82;Sim;502,9;445,6;510,1;474,9;499;486,5
2017;SP;São Caetano do Sul;ARBOS COLEGIO UNIDADE MARECHAL DEODORO;Todas;86,67%;26;Sim;623,7;615,2;587,5;661,1;648,5;627,2
2017;SP;São Caetano do Sul;ATENEU DE SAO CAETANO DO SUL COLEGIO UNIDADE III;Todas;95,45%;21;Sim;595,7;586,2;554,7;664,6;717,1;623,66
2017;SP;São Caetano do Sul;BONIFACIO DE CARVALHO CORONEL;Todas;36,15%;77;Não;508,4;475,6;513,1;480,9;482,3;492,06
2017;SP;São Caetano do Sul;CE;Todas;73,44%;47;Sim;556,9;528,9;554,6;558,2;617;563,12
2017;SP;São Caetano do Sul;DI THIENE LICEU;Todas;73,33%;22;Sim;538,7;501,9;537,8;488,1;557,3;524,76
2017;SP;São Caetano do Sul;EDGAR ALVES DA CUNHA PROFESSOR;Todas;72,92%;35;Sim;508,2;461,1;501,6;474,4;576;504,26
2017;SP;São Caetano do Sul;EDUARDO GOMES;Todas;75,15%;124;Sim;608,7;577,4;576,3;645,2;662,1;613,94
2017;SP;São Caetano do Sul;EXTERNATO SANTO ANTONIO;Todas;84,09%;37;Sim;618,7;579,3;580;658;699,5;627,1
2017;SP;São Caetano do Sul;FENIX SANTA PAULA ESCOLA UNDADE I E II;Todas;62,20%;51;Sim;568,5;527,9;553,1;586,9;580,8;563,44
2017;SP;São Caetano do Sul;IDALINA MACEDO COSTA SODRE DONA;Todas;58,57%;147;Sim;512,3;466,1;519,8;492;521,2;502,28
2017;SP;São Caetano do Sul;JOANA MOTTA PROFESSORA;Todas;33,33%;8;Não;514,3;488,1;516;492,8;540;510,24
2017;SP;São Caetano do Sul;LAURA LOPES;Todas;42,86%;27;Não;517,7;467,3;511;468,5;473,3;487,56
2017;SP;São Caetano do Sul;MARIA DA CONCEICAO MOURA BRANCO PROFESSORA;Todas;76,09%;140;Sim;524,8;467,6;520,1;484,5;547,4;508,88
2017;SP;São Caetano do Sul;MARIA TRUJILO TORLONI;Todas;85,71%;18;Sim;479,9;480,4;463,3;503,6;440;473,44
2017;SP;São Caetano do Sul;OBJETIVO CENTRO EDUCACIONAL UNIDADE DE SAO CAETANO DO SUL;Todas;91,67%;44;Sim;615,7;594,4;586;662,8;665;624,78
2017;SP;São Caetano do Sul;OSCAR NIEMEYER ARQUITETO EMEFM;Todas;68,60%;59;Sim;551,8;500,5;545,5;531,9;566,8;539,3
2017;SP;São Caetano do Sul;SAGRADA FAMILIA;Todas;80,00%;20;Sim;569,3;539;550,6;588,3;615;572,44
2017;SP;São Caetano do Sul;SINGULAR UNIDADE SAO CAETANO;Todas;95,08%;58;Sim;597,5;583,6;574,9;628,8;638,6;604,68
2017;SP;São Caetano do Sul;VICENTE BASTOS PROFESSOR;Todas;60,22%;56;Sim;532,3;474,7;523,2;515;525;514,04
2017;SP;São Caetano do Sul;VILLARE;Todas;78,38%;29;Sim;659,8;651,8;623,1;756,1;813,8;700,92
2017;SP;São Caetano do Sul;YOLANDA ASCENCIO PROFESSORA;Todas;63,72%;72;Sim;514,2;458,3;521,6;481,4;540,3;503,16
2018;SP;São Caetano do Sul;ADVENTISTA SAO CAETANO DO SUL;Todas;79,31%;23;Sim;576,8;476;547,3;552,3;567;543,88
2018;SP;São Caetano do Sul;ALCINA DANTAS FEIJAO PROFA ESCOLA MUNICIPAL DE ENSINO;Todas;76,12%;204;Sim;613,8;518,2;584,6;585,8;570,3;574,54
2018;SP;São Caetano do Sul;ALEXANDRE GRIGOLLI PADRE;Todas;34,23%;51;Não;568,9;480,8;536,6;525,2;486,7;519,64
2018;SP;São Caetano do Sul;ALFREDO BURKART PROFESSOR;Todas;51,69%;46;Sim;568,1;474,7;528,3;537,2;477,8;517,22
2018;SP;São Caetano do Sul;ARBOS COLEGIO UNIDADE MARECHAL DEODORO;Todas;93,10%;27;Sim;666,3;628,4;622,7;712,1;763,7;678,64
2018;SP;São Caetano do Sul;ATENEU DE SAO CAETANO DO SUL COLEGIO UNIDADE III;Todas;93,33%;14;Sim;643,9;596,2;600,3;678,2;771,4;658
2018;SP;São Caetano do Sul;BONIFACIO DE CARVALHO CORONEL;Todas;42,05%;82;Não;555,2;476,1;532,6;520,9;461,7;509,3
2018;SP;São Caetano do Sul;CE;Todas;96,15%;25;Sim;624,3;516,3;571,2;598,1;522,4;566,46
2018;SP;São Caetano do Sul;DI THIENE LICEU;Todas;73,68%;14;Sim;601,1;506,9;532,8;597,8;505,7;548,86
2018;SP;São Caetano do Sul;EDGAR ALVES DA CUNHA PROFESSOR;Todas;41,67%;20;Não;561,4;484,7;542,7;535,3;497;524,22
2018;SP;São Caetano do Sul;EDUARDO GOMES;Todas;83,59%;107;Sim;636,6;576,5;605,9;659,8;657,4;627,24
2018;SP;São Caetano do Sul;EXTERNATO SANTO ANTONIO;Todas;88,24%;30;Sim;653,2;573,3;600,6;691;697,3;643,08
2018;SP;São Caetano do Sul;FENIX SANTA PAULA ESCOLA UNDADE I E II;Todas;81,58%;62;Sim;611,9;550,7;575,5;609,7;602,6;590,08
2018;SP;São Caetano do Sul;IDALINA MACEDO COSTA SODRE DONA;Todas;49,61%;128;Não;576,9;486,2;544,6;537,6;479,1;524,88
2018;SP;São Caetano do Sul;JOANA MOTTA PROFESSORA;Todas;63,16%;12;Sim;590,2;490,9;568,5;564,5;491,7;541,16
2018;SP;São Caetano do Sul;LAURA LOPES;Todas;31,82%;14;Não;515,3;439;460,8;520,6;345,7;456,28
2018;SP;São Caetano do Sul;MARIA DA CONCEICAO MOURA BRANCO PROFESSORA;Todas;63,36%;83;Sim;559,8;482,3;526,3;521,4;468,2;511,6
2018;SP;São Caetano do Sul;MARIA TRUJILO TORLONI;Todas;85,71%;30;Sim;539;459;499,5;505,7;438,7;488,38
2018;SP;São Caetano do Sul;OBJETIVO CENTRO EDUCACIONAL UNIDADE DE SAO CAETANO DO SUL;Todas;96,30%;26;Sim;648,6;592,7;606,6;655,6;686,9;638,08
2018;SP;São Caetano do Sul;OSCAR NIEMEYER ARQUITETO EMEFM;Todas;66,67%;70;Sim;590,2;513,8;559,5;531,1;520,3;542,98
2018;SP;São Caetano do Sul;SAGRADA FAMILIA;Todas;85,71%;24;Sim;611,8;553,6;567,4;570,5;586,7;578
2018;SP;São Caetano do Sul;SINGULAR UNIDADE SAO CAETANO;Todas;86,00%;43;Sim;652,4;590;596;650,2;614;620,52
2018;SP;São Caetano do Sul;VICENTE BASTOS PROFESSOR;Todas;56,67%;51;Sim;567,2;500,6;534,2;552,3;471,8;525,22
2018;SP;São Caetano do Sul;VILLARE;Todas;97,92%;47;Sim;686,5;662,9;634,9;762,8;851,1;719,64
2018;SP;São Caetano do Sul;YOLANDA ASCENCIO PROFESSORA;Todas;57,36%;74;Sim;570,9;484,5;532,2;537,9;504,6;526,02
